<?xml version="1.0" encoding="UTF-8"?>
<project-private xmlns="http://www.netbeans.org/ns/project-private/1">
    <editor-bookmarks xmlns="http://www.netbeans.org/ns/editor-bookmarks/2" lastBookmarkId="0"/>
    <open-files xmlns="http://www.netbeans.org/ns/projectui-open-files/2">
        <group>
            <file>file:/C:/Users/Professor.SLEX25/Documents/ProjetosUC9/AppAssistencia/src/View/TelaLogin.java</file>
            <file>file:/C:/Users/Professor.SLEX25/Documents/ProjetosUC9/AppAssistencia/src/DAL/OperListaDadosBD.java</file>
            <file>file:/C:/Users/Professor.SLEX25/Documents/ProjetosUC9/AppAssistencia/src/View/TelaAplicacao.java</file>
            <file>file:/C:/Users/Professor.SLEX25/Documents/ProjetosUC9/AppAssistencia/src/Model/UsuarioModel.java</file>
            <file>file:/C:/Users/Professor.SLEX25/Documents/ProjetosUC9/AppAssistencia/src/DAL/OperRegistrosBanco.java</file>
            <file>file:/C:/Users/Professor.SLEX25/Documents/ProjetosUC9/AppAssistencia/src/Model/LoginModel.java</file>
            <file>file:/C:/Users/Professor.SLEX25/Documents/ProjetosUC9/AppAssistencia/src/DAL/OperValidaLoginBD.java</file>
        </group>
    </open-files>
</project-private>
